"repository","path","git_kind","sha256_or_state","scope","proposed_commit","review_note"
"app","app/src/androidTest/java/com/intutec/viveroapp/feature/sales/BackendSalesPersistenceTest.kt","untracked","781cd0620886f8aaf58654410d76f8a159457eb6765cf3d7787ab2bbbc9e5cd2","Etapa 6 y pulido","C06","Incluye presentación de recuperación y pruebas; no migración Room"
"app","app/src/androidTest/java/com/intutec/viveroapp/feature/sales/BackendSalesPolishTest.kt","untracked","1b50cd1757388bf32a910fd5cddb093a61a0c4506a5fc24a81e8d8c856f31db8","Etapa 6 y pulido","C06","Incluye presentación de recuperación y pruebas; no migración Room"
"app","app/src/androidTest/java/com/intutec/viveroapp/feature/sales/BackendSalesUiTest.kt","untracked","7f3fbbcf51b97fe02886595ec9c05b79638f4e8b343259e9579548692fb1e1da","Etapa 6 y pulido","C06","Incluye presentación de recuperación y pruebas; no migración Room"
"app","app/src/androidTest/java/com/intutec/viveroapp/feature/sales/Stage7aRealWorkflowTest.kt","untracked","e7277cce43dcccad4c8a8a7924ad906e4b5bd88e2e6c39d133efee15f46ca605","Integración 7A","C08","Harness exige fixture local; documentos con errata señalada en 7B"
"app","app/src/main/java/com/intutec/viveroapp/core/designsystem/SalesComponents.kt","untracked","6c966fd8087b9ec74a1173e03787327afd79c6f8dac6791be87fbebcf4132623","Etapa 6 y pulido","C06","Incluye presentación de recuperación y pruebas; no migración Room"
"app","app/src/test/java/com/intutec/viveroapp/core/network/BackendFolioNegotiationTest.kt","untracked","420e7222ab07d33a8386c401311665b678ada2fc4ff2c5919e9d75f33c394c37","Etapa 3: folios Android","C05","Negociación/validación compatible; conservar claves y Room"
"app","app/src/test/java/com/intutec/viveroapp/feature/cart/BackendSalesPresentationTest.kt","untracked","421b9a57e34fba650a84c81d1e32b2100c43de51c59e7377e437362e5c2bfec6","Etapa 6 y pulido","C06","Incluye presentación de recuperación y pruebas; no migración Room"
"app","app/src/test/java/com/intutec/viveroapp/feature/cart/domain/repository/BackendSaleFolioTest.kt","untracked","0d49dfa28c491ccd73afb848bbd2c51bc63bcebf322994a9525a230fe5cbd57d","Etapa 3: folios Android","C05","Negociación/validación compatible; conservar claves y Room"
"app","backend/src/sale-cancellations.js","untracked","10bae58aa753742eb45973a0031139bf4a0bf2565b7283cae473f8ce24055bff","Etapas 2–5: contratos backend","C02","Bundle coherente de contratos; no fragmentar health/schema/grants"
"app","backend/src/short-folios.js","untracked","5ca57286e49e2b2288e75635d24168020f7637bd7d014d91a90495156198dfeb","Etapas 2–5: contratos backend","C02","Bundle coherente de contratos; no fragmentar health/schema/grants"
"app","backend/test/cashier-desk-integration.test.js","untracked","e7645b266d0469ac1ac6a44207ec93aeebe7caf7f7386c1cffc1742cc8df475d","Etapas 2–5: contratos backend","C02","Bundle coherente de contratos; no fragmentar health/schema/grants"
"app","backend/test/sale-cancellation-migration-upgrade.test.js","untracked","4942d05c549a6366619f231e4fcb7c69beb393a71e8e4a8364c7d58e65b5d13f","Etapas 2–5: contratos backend","C02","Bundle coherente de contratos; no fragmentar health/schema/grants"
"app","backend/test/sale-cancellations-integration.test.js","untracked","8961eeaf10f44be305cf6549b547bb7ebfe835415f38ea12da8fe5ecfca7a098","Etapas 2–5: contratos backend","C02","Bundle coherente de contratos; no fragmentar health/schema/grants"
"app","backend/test/sale-cancellations.test.js","untracked","74a8641df4c6e3ac3aea5ee7c2537a009ccf467591d3a80311902c8977cf8986","Etapas 2–5: contratos backend","C02","Bundle coherente de contratos; no fragmentar health/schema/grants"
"app","backend/test/short-folio-migration-upgrade.test.js","untracked","2d4d5124cb49a908398d75e699dcc02e5b8eeaca423cc3b5a61d26b5dcbd4184","Etapas 2–5: contratos backend","C02","Bundle coherente de contratos; no fragmentar health/schema/grants"
"app","backend/test/short-folios-integration.test.js","untracked","472d69cbefdf96ec148107418cf73b96900ec17e0ebe306734158979f33374b6","Etapas 2–5: contratos backend","C02","Bundle coherente de contratos; no fragmentar health/schema/grants"
"app","backend/test/short-folios.test.js","untracked","42bd1889a9b050c8fb4a2e9b4c5b87bc0c34599877d03f703d86b99df8766dd0","Etapas 2–5: contratos backend","C02","Bundle coherente de contratos; no fragmentar health/schema/grants"
"app","database/mysql/migrations/031_short_folios.sql","untracked","561302749d3135cdb815c8304ad1b035b7246c33476146985cb1b11f1a07d126","Etapas 2–5: contratos backend","C02","Bundle coherente de contratos; no fragmentar health/schema/grants"
"app","database/mysql/migrations/032_pending_sale_cancellations.sql","untracked","db0bb4201cf6d0479a50d4286c390aa70f9cace3afec659dc6e7d1c65cb1c36a","Etapas 2–5: contratos backend","C02","Bundle coherente de contratos; no fragmentar health/schema/grants"
"app","docs/android-stage6-polish.md","untracked","d434043fe2e832c629533468ff8eb2933be3346d5c16b474f626afceb37acb69","Etapa 6 y pulido","C06","Incluye presentación de recuperación y pruebas; no migración Room"
"app","docs/android-stage6.md","untracked","a0e1e69d8331aa4093a9a8fcee0d9e8bbbb96b57d5766c12d1e9eb6733cfc361","Etapa 6 y pulido","C06","Incluye presentación de recuperación y pruebas; no migración Room"
"app","docs/backend-pending-cancellations.md","untracked","abed0a403bb112a484bea49522c69fc77b17ff9aff648df7f9b137113613afef","Etapas 2–5: contratos backend","C02","Bundle coherente de contratos; no fragmentar health/schema/grants"
"app","docs/backend-short-folios.md","untracked","475d1f01efa9c23c7b5f0ed23f7e8e85eeb3462de30173d80666f9a605a04001","Etapas 2–5: contratos backend","C02","Bundle coherente de contratos; no fragmentar health/schema/grants"
"app","docs/smtp-evaluation.md","untracked","e87df4ad39dea0ecd6f3347de085881e5c36bdd26abde3c94cc65183e7096299","Anterior no relacionado: estabilidad/entrega","C09","Preparación previa; no atribuir a 7B ni cambiar versión aquí"
"app","docs/stable-candidate-20261009.md","untracked","266153ef935845e085ecca89025bbb406d4bf7d22fd453a9bbbe4d8d4bea7a22","Anterior no relacionado: estabilidad/entrega","C09","Preparación previa; no atribuir a 7B ni cambiar versión aquí"
"app","docs/stage7a-candidate-and-deployment.md","untracked","51c82ba59c3757fcea083fa1717537ee174c7844fff922f5b7682585fb9d0592","Integración 7A","C08","Harness exige fixture local; documentos con errata señalada en 7B"
"app","docs/stage7a-change-control.md","untracked","78a73c3cd44283b1e874bfcc9c2724c2fd6cc2566b692650f84ca16e189d7d57","Integración 7A","C08","Harness exige fixture local; documentos con errata señalada en 7B"
"app","docs/stage7a-change-inventory.csv","untracked","83d3c83b58b8fba0c3c223bb3280a357377f1dfa14569ceb745f40ea1ab2b24a","Integración 7A","C08","Harness exige fixture local; documentos con errata señalada en 7B"
"app","docs/stage7a-integration-matrix.md","untracked","dad178fb2550a0f7927df4a0fd0937e7f5b1d289fcb86799bed869b55d88d039","Integración 7A","C08","Harness exige fixture local; documentos con errata señalada en 7B"
"app","docs/stage7a-integration.md","untracked","1b814782047ac4e06e92de3bac08b6be7c5eb89000978c08e9b2520de394ac3d","Integración 7A","C08","Harness exige fixture local; documentos con errata señalada en 7B"
"app","docs/stage7a-reconciliation.sql","untracked","28fdb3f1693413dd857abc99c57091d3948d76b42b674dded7dce7a2bc119fd3","Integración 7A","C08","Harness exige fixture local; documentos con errata señalada en 7B"
"app","docs/toni-backup-handoff.md","untracked","d075c5d1094d2bf80ef0b47628a63948e8407260ecdf0f517b9d51e461c34ace","Anterior no relacionado: estabilidad/entrega","C09","Preparación previa; no atribuir a 7B ni cambiar versión aquí"
"app","scripts/verify-android-apk.ps1","untracked","ccc50e9751e217191b8a5017662e3aaa6e449578a5ea6f259a183cb8da1eb418","Anterior no relacionado: estabilidad/entrega","C09","Preparación previa; no atribuir a 7B ni cambiar versión aquí"
"app",".idea/misc.xml","tracked","a2a07096a228b33d20c0b1ed133a11b6b47294a3e135b56c8983bd13a9eb5593","Anterior no relacionado / IDE","X","Excluir; mantener modificación o borrado existente"
"app",".idea/planningMode.xml","tracked","deleted","Anterior no relacionado / IDE","X","Excluir; mantener modificación o borrado existente"
"app","README.md","tracked","1a26ef96aa998dab9451dbbf2d4e3fd8a6ae16737a823b4a4c62527195c2b285","Documento compartido de etapas y estabilidad","C10","Revisión de hunks y enlaces antes de incluir"
"app","app/build.gradle.kts","tracked","bb06f067edf685035346bbaad7ef72e16df48544b485f664f67ec45722a0d1cf","Anterior no relacionado: estabilidad/entrega","C09","Preparación previa; no atribuir a 7B ni cambiar versión aquí"
"app","app/src/main/java/com/intutec/viveroapp/core/network/BackendApiTransport.kt","tracked","856c7bb0cf2529e8965acd5c58955d9375183a9e4090b74e228c619a35eedffa","Etapa 3: folios Android","C05","Negociación/validación compatible; conservar claves y Room"
"app","app/src/main/java/com/intutec/viveroapp/feature/cart/data/remote/BackendSaleRemoteDataSource.kt","tracked","3fbaa345c3b057849e1f034c0d01d895555fefbd6179ce8c1cb2ef54fb78e483","Etapa 3: folios Android","C05","Negociación/validación compatible; conservar claves y Room"
"app","app/src/main/java/com/intutec/viveroapp/feature/cart/domain/repository/BackendSaleGateway.kt","tracked","087d78e1beff8f8bec19c7fd8a6f05015ba0a47ea20d2d70526567b87d1b2334","Etapa 3: folios Android","C05","Negociación/validación compatible; conservar claves y Room"
"app","app/src/main/java/com/intutec/viveroapp/feature/cart/presentation/BackendCartScreen.kt","tracked","c144e5d6b1e5c13fb43801bbeb1f362276234de90492ce3afa4c7f0c6629f682","Etapa 6 y pulido","C06","Incluye presentación de recuperación y pruebas; no migración Room"
"app","app/src/main/java/com/intutec/viveroapp/feature/cart/presentation/BackendCartViewModel.kt","tracked","3db48c5700a5b493de2caefb50550c2be985b0bcf598c80900d5955faf7fbd96","Etapa 6 y pulido","C06","Incluye presentación de recuperación y pruebas; no migración Room"
"app","app/src/main/java/com/intutec/viveroapp/feature/cart/presentation/BackendPendingSalesPanel.kt","tracked","6ab4f66924377236edc50e730e423d4651761a7b5e503f25f97632a0e96eadc5","Etapa 6 y pulido","C06","Incluye presentación de recuperación y pruebas; no migración Room"
"app","app/src/main/java/com/intutec/viveroapp/feature/cart/sync/BackendSaleOutboxStore.kt","tracked","cc3f45ca784dbd00281c95174aaa3a885e551cb5612a753ef83c994398672c89","Etapa 3: folios Android","C05","Negociación/validación compatible; conservar claves y Room"
"app","app/src/main/java/com/intutec/viveroapp/feature/catalog/presentation/BackendCatalogScreen.kt","tracked","4ef8b9afe045860eb7d46253ed1dbe4e4c948b04474de23cd0adf0fb54d7acc5","Etapa 6 y pulido","C06","Incluye presentación de recuperación y pruebas; no migración Room"
"app","app/src/main/java/com/intutec/viveroapp/feature/catalog/presentation/BackendCatalogViewModel.kt","tracked","44f70ac70a7e66a5edcaf141b88e7071b7343ab32681ccd4bdf0b7584155f502","Etapa 6 y pulido","C06","Incluye presentación de recuperación y pruebas; no migración Room"
"app","app/src/main/java/com/intutec/viveroapp/feature/home/presentation/BackendHomeScreen.kt","tracked","6ba2ec9873b11f7802b24573ccc70c798c4b91d8eae1e8c8c33fb2445c337ca4","Etapa 6 y pulido","C06","Incluye presentación de recuperación y pruebas; no migración Room"
"app","app/src/main/java/com/intutec/viveroapp/feature/home/presentation/HomeScreen.kt","tracked","99c63dab5f0989cd441156929f33fe7e80af83e86d281e9449ed8c47c63ba8a2","Etapa 6 y pulido","C06","Incluye presentación de recuperación y pruebas; no migración Room"
"app","app/src/main/java/com/intutec/viveroapp/feature/mysales/presentation/BackendHistoryScreen.kt","tracked","7c69c5013f003687de4f3a6362477f14380d4db30ce9a32bec92bb6b84402b76","Etapa 6 y pulido","C06","Incluye presentación de recuperación y pruebas; no migración Room"
"app","app/src/main/java/com/intutec/viveroapp/navigation/ViveroApp.kt","tracked","302210723c3ac37cc76e99522e71816e1e064749a9065f338692e40b41576ded","Etapa 6 y pulido","C06","Incluye presentación de recuperación y pruebas; no migración Room"
"app","app/src/main/java/com/intutec/viveroapp/ui/theme/Theme.kt","tracked","b0e104aa0c48ffa9e3045dfbe060bf6e23f82346a304e2836baa5f6389ea706f","Etapa 6 y pulido","C06","Incluye presentación de recuperación y pruebas; no migración Room"
"app","app/src/test/java/com/intutec/viveroapp/feature/cart/data/remote/BackendSaleRemoteDataSourceTest.kt","tracked","83fba342aa5b7355340d3aa92555e58231d980c7bac60b54cc0e8b6ec31c1923","Etapa 3: folios Android","C05","Negociación/validación compatible; conservar claves y Room"
"app","backend/package.json","tracked","097d8059262c5392562fc039e66a125f27fcb6fdeea4fc96b58870a0501ddf9c","Etapas 2–5: contratos backend","C02","Bundle coherente de contratos; no fragmentar health/schema/grants"
"app","backend/scripts/verify-local-install.js","tracked","f826145975eabc312e9f3aef55cf65c3dff73339019b291b3db5e837109fac49","Etapas 2–5: contratos backend","C02","Bundle coherente de contratos; no fragmentar health/schema/grants"
"app","backend/src/app.js","tracked","849afda563e298e63b08e55de1422c8d18ebd64db4bd9f6e2b26e088bc201cc3","Etapas 2–5: contratos backend","C02","Bundle coherente de contratos; no fragmentar health/schema/grants"
"app","backend/src/cashier.js","tracked","bd6b5bd305489fd03208f8b757d2db9620ef0247d096544b5280b5e992a9f8d6","Etapas 2–5: contratos backend","C02","Bundle coherente de contratos; no fragmentar health/schema/grants"
"app","backend/src/refunds.js","tracked","8f35a769650f966bc051bb412e2f9ce45ad76f5012924441d66391148c2f7a8b","Etapas 2–5: contratos backend","C02","Bundle coherente de contratos; no fragmentar health/schema/grants"
"app","backend/src/sales.js","tracked","428836acbbfdd2062dcee201f954733ab9c2ab44d0f9d31ffdf5d8638cdd9140","Etapas 2–5: contratos backend","C02","Bundle coherente de contratos; no fragmentar health/schema/grants"
"app","backend/src/web-order-admin.js","tracked","81d809c0cb0f4d37be439f635f2eb9d8e7b94902815f0e65ebe14b47cf739649","Etapas 2–5: contratos backend","C02","Bundle coherente de contratos; no fragmentar health/schema/grants"
"app","backend/src/web-orders.js","tracked","654e5cda27443c737333c1b66154e055f85386c3f80096a9ae55d4fc0377f03a","Etapas 2–5: contratos backend","C02","Bundle coherente de contratos; no fragmentar health/schema/grants"
"app","backend/test/backup.test.js","tracked","fc416fbd7a7c4f3c150639a23dfdcb2a8c11ac58c3874119f32e2d69b9e025a2","Corrección 7A","C07","Guardia de restauración y prueba juntas"
"app","backend/test/integration.test.js","tracked","1759ea3bd3b0385207b82aa85d1b98b2b5a842d649e3fc4f889a60d61a6cfa03","Etapas 2–5: contratos backend","C02","Bundle coherente de contratos; no fragmentar health/schema/grants"
"app","docs/backend-web-orders.md","tracked","0fbd4b0718c79e2dc2666c9981c7f1f26696082da06c03b1244efbc89fee4e88","Etapas 2–5: contratos backend","C02","Bundle coherente de contratos; no fragmentar health/schema/grants"
"app","docs/release-readiness.md","tracked","af331f8957b753b73afa0a52999de8a51f0b47a0485cc19a61059cdae555e9ee","Anterior no relacionado: estabilidad/entrega","C09","Preparación previa; no atribuir a 7B ni cambiar versión aquí"
"app","infra/docker/compose.yaml","tracked","5ed21400b3f25f16efcbfe97e44c3a94eb355bd854d3d2195338d93e891f8f41","Etapas 2–5: contratos backend","C02","Bundle coherente de contratos; no fragmentar health/schema/grants"
"app","infra/docker/init-migrations.sh","tracked","ae5790a98ee05a8e4cf42a057a9f1593b502567f6c91e9d1c5ac289d5ead076c","Etapas 2–5: contratos backend","C02","Bundle coherente de contratos; no fragmentar health/schema/grants"
"app","infra/docker/restore.mjs","tracked","71ab7b87cbdc2d6606f81c340d509424f1e3b9e670660e13abaa25e30610c7df","Corrección 7A","C07","Guardia de restauración y prueba juntas"
"web","docs/cashier-stage5.md","untracked","346112b881d5bad0b716910ed5ea115e3dd232b184295f40e0e19cf8b61a7888","Etapas 3–5 Web: Caja/cancelación","C04","Preservar diario, permisos, reservas e incertidumbre"
"web","docs/public-order-ticket-stage2.md","untracked","9a2b00f29b7b7ef6d2513bb744a7102a8b9205e52c1db97dff539be37bc5ec2d","Etapas 2–3 Web: comprobantes/folios","C03","Incluye helper compartido usado por Caja C04"
"web","src/features/cashier/CashierPaymentPanel.tsx","untracked","5a9d0a4636a82907a6dc9a19a36f93c556a32a0619df6211677a68e36af0fa71","Etapas 3–5 Web: Caja/cancelación","C04","Preservar diario, permisos, reservas e incertidumbre"
"web","src/features/cashier/CashierPendingList.tsx","untracked","26d616e27697fc44211c5cf29babc5ef32fdd2128af6db292a63cd7d7a94f4cc","Etapas 3–5 Web: Caja/cancelación","C04","Preservar diario, permisos, reservas e incertidumbre"
"web","src/features/cashier/CashierSaleCancellation.tsx","untracked","af8acea4b5e3d187011ead2fc83505ba4401f092131a886f1fa8136ea71cfd77","Etapas 3–5 Web: Caja/cancelación","C04","Preservar diario, permisos, reservas e incertidumbre"
"web","src/features/cashier/CashierSaleSummary.tsx","untracked","134540344e85f9a9822b255e807d0a31bbfa00cb61219111beef99761cfede85","Etapas 3–5 Web: Caja/cancelación","C04","Preservar diario, permisos, reservas e incertidumbre"
"web","src/features/cashier/cashier-cancellation-service.ts","untracked","29de8185beaae408d60a542fcbb509e8e3c3dcb80024265ee82068966608e564","Etapas 3–5 Web: Caja/cancelación","C04","Preservar diario, permisos, reservas e incertidumbre"
"web","src/features/cashier/cashier-cancellation.test.tsx","untracked","396cd07910745758e9291605f0c6cb75f4ad3d3507456e6f1681b4a0afd3c42d","Etapas 3–5 Web: Caja/cancelación","C04","Preservar diario, permisos, reservas e incertidumbre"
"web","src/features/cashier/cashier-desk-state.ts","untracked","8746e61fd6d5553b7e9550f48be30801c90b18e69c80c7f991fe5b9c966f8fb8","Etapas 3–5 Web: Caja/cancelación","C04","Preservar diario, permisos, reservas e incertidumbre"
"web","src/features/cashier/cashier-desk.css","untracked","b0f56656598b898a076a5c152d63a11d679bd6a301de7474f73471e5a561b428","Etapas 3–5 Web: Caja/cancelación","C04","Preservar diario, permisos, reservas e incertidumbre"
"web","src/features/cashier/cashier-desk.test.tsx","untracked","b699e8e683c2b997f1cf9cf9d625803bcaa9a56f0b5069e08dcd097fd780b8c7","Etapas 3–5 Web: Caja/cancelación","C04","Preservar diario, permisos, reservas e incertidumbre"
"web","src/features/public-orders/PublicOrderTicket.tsx","untracked","2aae28dee197432a78f9ed817a8f1c444650528f97948c4e586669c5729f05fa","Etapas 2–3 Web: comprobantes/folios","C03","Incluye helper compartido usado por Caja C04"
"web","src/features/public-orders/public-order-ticket.test.tsx","untracked","e438c411e237c4785301afff4219066335767a2d54d4c10ba6e4d01ba2d12fee","Etapas 2–3 Web: comprobantes/folios","C03","Incluye helper compartido usado por Caja C04"
"web","src/lib/folio-format.test.ts","untracked","ef20f98570f66afb79ce3df53778cba699073b572fff6795813baea65b340f1b","Etapas 2–3 Web: comprobantes/folios","C03","Incluye helper compartido usado por Caja C04"
"web","src/lib/folio-format.ts","untracked","de18b7e4fe528acba2b31fd93619157812243f335a743f39e5284578f2252eaa","Etapas 2–3 Web: comprobantes/folios","C03","Incluye helper compartido usado por Caja C04"
"web","tests/backend-workflow-http.test.ts","untracked","6ea7566fb3c605c1ed143844770038411faed38efe8e1c1a0f7ade6773cc7079","Anterior no relacionado: compras/estabilidad","C01","HTTP optativo previo requiere fixture distinto; no clasificar como 7A"
"web","tests/public-order-print-render.test.tsx","untracked","e116b0bb3132089ae84356736fec2830ab990f33b6888e6c3cde239a584f72b7","Etapas 2–3 Web: comprobantes/folios","C03","Incluye helper compartido usado por Caja C04"
"web","tests/verify-public-order-pdfs.mjs","untracked","a5d11bc78a14b28b959946c7c4bb8a92e3300e8c28a70773a5a3d96034eed210","Etapas 2–3 Web: comprobantes/folios","C03","Incluye helper compartido usado por Caja C04"
"web","README.md","tracked","85ed95507b4b674a7d7ae7eef20c6345b8e0c0321f4321d8d987d22bed436995","Documento compartido de etapas y estabilidad","C10","Revisión de hunks; cifras anteriores no son nueva validación"
"web","docs/PROJECT_STATUS.md","tracked","377684bac838ca6ca26e98ff5fe1eaa7a1fd53dbb10c22a68095fd1a6d30c4b6","Documento compartido de etapas y estabilidad","C10","Revisión de hunks; cifras anteriores no son nueva validación"
"web","docs/tasks/current.md","tracked","e6d3dbce953827ee7917e643701207bf867def6417e9068d84bc11cb2770c81a","Documento compartido de etapas y estabilidad","C10","Revisión de hunks; cifras anteriores no son nueva validación"
"web","src/features/admin/purchases/PurchaseDraftWizard.tsx","tracked","5edbcea0ba80a21a4c857d85a177ccf00385a3d9dbb74b4667dd58411d998af2","Anterior no relacionado: compras/estabilidad","C01","HTTP optativo previo requiere fixture distinto; no clasificar como 7A"
"web","src/features/admin/purchases/purchases-api.test.ts","tracked","e3a9e758e56afa7bcdfb8e52780e3cd213765312d85873f218d486cce1091986","Anterior no relacionado: compras/estabilidad","C01","HTTP optativo previo requiere fixture distinto; no clasificar como 7A"
"web","src/features/admin/purchases/purchases-service.ts","tracked","be08cb9d45d37dcaf80289ce7481f141d269ae1803e02168cd6b9f3e5244755d","Anterior no relacionado: compras/estabilidad","C01","HTTP optativo previo requiere fixture distinto; no clasificar como 7A"
"web","src/features/cashier/CashierOperations.tsx","tracked","529c2438833347e66ffee411ef0bdd031209fec38a778201b422b9cecce0d4c2","Etapas 3–5 Web: Caja/cancelación","C04","Preservar diario, permisos, reservas e incertidumbre"
"web","src/features/cashier/CashierPage.tsx","tracked","98b3a3db32372aaaf3f44fbd1355d64f2a91bb37923a6608e51abce206188ff7","Etapas 3–5 Web: Caja/cancelación","C04","Preservar diario, permisos, reservas e incertidumbre"
"web","src/features/cashier/CashierReceiptHistory.tsx","tracked","04c49effb6f0b63a9f5d4073faeb74ea58a8220905368d900ddab70ffcbaf6dd","Etapas 3–5 Web: Caja/cancelación","C04","Preservar diario, permisos, reservas e incertidumbre"
"web","src/features/cashier/backend-cashier-operations-service.ts","tracked","c59b013bc2c1090d50e380c67143f7a310fa445d6009c31d83229c245d12b0b0","Etapas 3–5 Web: Caja/cancelación","C04","Preservar diario, permisos, reservas e incertidumbre"
"web","src/features/cashier/backend-cashier-service.ts","tracked","bd8b832c45bf20c198d277a2f5df5f17b46ed872fcb41f487639a3f2c6ad95ad","Etapas 3–5 Web: Caja/cancelación","C04","Preservar diario, permisos, reservas e incertidumbre"
"web","src/features/cashier/backend-counter-sale-service.ts","tracked","9428a32e94aa20d875d55f45c02df051089edfdb842a71763bea88fee5cfec1b","Etapas 3–5 Web: Caja/cancelación","C04","Preservar diario, permisos, reservas e incertidumbre"
"web","src/features/cashier/cashier-operations-service.ts","tracked","01950610fbdfa832d42dfa6d6292796a71dea3e86140e8483f522c69bd95f9ad","Etapas 3–5 Web: Caja/cancelación","C04","Preservar diario, permisos, reservas e incertidumbre"
"web","src/features/cashier/cashier-parser.ts","tracked","687237d33551d33d046fa71a5b89d57d96eac45a59bcd9d14293b8285acf9f7e","Etapas 3–5 Web: Caja/cancelación","C04","Preservar diario, permisos, reservas e incertidumbre"
"web","src/features/cashier/cashier-service.ts","tracked","dd1d19ff0167514ee5ab1831d52a37e466a20625921869c8b81d6591e61cbe7e","Etapas 3–5 Web: Caja/cancelación","C04","Preservar diario, permisos, reservas e incertidumbre"
"web","src/features/cashier/cashier-types.ts","tracked","59cea720ad6f25297a99c2efced6f3673582a275b887a63c329cdb3dff012dd5","Etapas 3–5 Web: Caja/cancelación","C04","Preservar diario, permisos, reservas e incertidumbre"
"web","src/features/cashier/useCashierPaymentAttempt.ts","tracked","072a787d66e65acfb541e4a26bb7d83b586e5a96b631d47c2bc323e79f1a70fc","Etapas 3–5 Web: Caja/cancelación","C04","Preservar diario, permisos, reservas e incertidumbre"
"web","src/features/cashier/useCashierSales.ts","tracked","f045790c960d2cae5a5db535c8070e7bccd80ac2b993b9ca6399da9746a1f7ae","Etapas 3–5 Web: Caja/cancelación","C04","Preservar diario, permisos, reservas e incertidumbre"
"web","src/features/internal-home/PanelPage.tsx","tracked","5c75020faa6e1730f3579aee858a9ce37c3ce6bd6f055e67fc0843b62e157c82","Etapas 3–5 Web: Caja/cancelación","C04","Preservar diario, permisos, reservas e incertidumbre"
"web","src/features/public-catalog/CartDrawer.tsx","tracked","ec6bcaeda03f4e498b5ac9198a7dd7818cc28692ffbd21f761776819e368b8df","Etapas 2–3 Web: comprobantes/folios","C03","Incluye helper compartido usado por Caja C04"
"web","src/features/public-orders/backend-admin-order-service.ts","tracked","cabdb7fdfbf0e8e535971c156c72ba2dee531dc041292241cafa4614ae5f1c59","Etapas 2–3 Web: comprobantes/folios","C03","Incluye helper compartido usado por Caja C04"
"web","src/features/public-orders/backend-order-coordinator.ts","tracked","ea9e02deb417eb7db4d09ae70ca4afcbef3c0beccd8d2a947e1bde02f38e6bf3","Etapas 2–3 Web: comprobantes/folios","C03","Incluye helper compartido usado por Caja C04"
"web","src/features/public-orders/backend-order-service.test.ts","tracked","516c27bc0624373d51f160dbb6126966e672b30573eba6842c97bb62c83081e3","Etapas 2–3 Web: comprobantes/folios","C03","Incluye helper compartido usado por Caja C04"
"web","src/features/public-orders/backend-order-service.ts","tracked","2662b6ba19cc0ccd591c4c9a2038d983e6ca8ad03b3ec2c5e36437985d3bac25","Etapas 2–3 Web: comprobantes/folios","C03","Incluye helper compartido usado por Caja C04"
"web","src/lib/backend-http.ts","tracked","b400df77e82f4a533a809acac9001f48fd2a84db635b94150a457b8c43d251a2","Etapas 2–3 Web: comprobantes/folios","C03","Incluye helper compartido usado por Caja C04"
"web","src/styles/app.css","tracked","47a7bdec091bbe8ac60de0602be898aa17de59a6da1e148b995d0d2bdca33c5c","Etapas 2–3 Web: comprobantes/folios","C03","Incluye helper compartido usado por Caja C04"
